sample_index,solve_status,semantic_outcome,total_time_seconds,solve_time_seconds,objective_value,objective_bound
1,INFEASIBLE,certified_no_adversarial_example,16.412544071,0.043770790100097656,0.0,0.0
2,INFEASIBLE,certified_no_adversarial_example,4.192612569,0.03275179862976074,0.0,0.0
3,INFEASIBLE,certified_no_adversarial_example,2.447296666,0.030304908752441406,0.0,0.0
4,INFEASIBLE,certified_no_adversarial_example,4.427634189,0.030628204345703125,0.0,0.0
5,INFEASIBLE,certified_no_adversarial_example,4.037175402,0.03294491767883301,0.0,0.0
6,INFEASIBLE,certified_no_adversarial_example,2.686669673,0.022851943969726562,0.0,0.0
7,INFEASIBLE,certified_no_adversarial_example,4.330414165,0.06606388092041016,0.0,0.0
8,INFEASIBLE,certified_no_adversarial_example,3.910637092,0.0474095344543457,0.0,0.0
9,OPTIMAL,adversarial_example_found_or_best_known,63.829262624,58.708412647247314,0.09400123853379841,0.09399364074571989
10,INFEASIBLE,certified_no_adversarial_example,5.115496307,0.049472808837890625,0.0,0.0
11,INFEASIBLE,certified_no_adversarial_example,4.496358149,0.029280900955200195,0.0,0.0
12,INFEASIBLE,certified_no_adversarial_example,6.07255099,0.07075953483581543,0.0,0.0
13,INFEASIBLE,certified_no_adversarial_example,3.797915166,0.04177975654602051,0.0,0.0
14,INFEASIBLE,certified_no_adversarial_example,4.951092521,0.030820131301879883,0.0,0.0
15,INFEASIBLE,certified_no_adversarial_example,1.659034137,0.015602350234985352,0.0,0.0
16,INFEASIBLE,certified_no_adversarial_example,5.489290062,0.04645180702209473,0.0,0.0
17,INFEASIBLE,certified_no_adversarial_example,4.858273177,0.043169498443603516,0.0,0.0
18,INFEASIBLE,certified_no_adversarial_example,4.256282457,0.02272510528564453,0.0,0.0
19,INFEASIBLE,certified_no_adversarial_example,19.294288806,13.699405193328857,,0.0
20,INFEASIBLE,certified_no_adversarial_example,4.356266735,0.051357269287109375,0.0,0.0
21,INFEASIBLE,certified_no_adversarial_example,3.96716524,0.036950111389160156,0.0,0.0
22,INFEASIBLE,certified_no_adversarial_example,4.214716311,0.035392045974731445,0.0,0.0
23,INFEASIBLE,certified_no_adversarial_example,3.955747909,0.04401373863220215,0.0,0.0
24,INFEASIBLE,certified_no_adversarial_example,4.656402382,0.029892444610595703,0.0,0.0
25,INFEASIBLE,certified_no_adversarial_example,4.535431285,0.03740882873535156,0.0,0.0
26,INFEASIBLE,certified_no_adversarial_example,5.237760218,0.03173112869262695,0.0,0.0
27,INFEASIBLE,certified_no_adversarial_example,3.52894277,0.03431367874145508,0.0,0.0
28,INFEASIBLE,certified_no_adversarial_example,3.062640437,0.03388261795043945,0.0,0.0
29,INFEASIBLE,certified_no_adversarial_example,4.901442259,0.032418251037597656,0.0,0.0
30,INFEASIBLE,certified_no_adversarial_example,2.421802943,0.020277976989746094,0.0,0.0
31,INFEASIBLE,certified_no_adversarial_example,3.688287473,0.029098987579345703,0.0,0.0
32,INFEASIBLE,certified_no_adversarial_example,2.000452508,0.020974397659301758,0.0,0.0
33,INFEASIBLE,certified_no_adversarial_example,4.260467958,0.025054454803466797,0.0,0.0
34,INFEASIBLE,certified_no_adversarial_example,5.97560522,0.24651885032653809,0.0,0.0
35,INFEASIBLE,certified_no_adversarial_example,4.077730969,0.035843849182128906,0.0,0.0
36,INFEASIBLE,certified_no_adversarial_example,5.199384165,0.03206586837768555,0.0,0.0
37,INFEASIBLE,certified_no_adversarial_example,4.264597266,0.054082393646240234,0.0,0.0
38,INFEASIBLE,certified_no_adversarial_example,3.209130192,0.02535390853881836,0.0,0.0
39,INFEASIBLE,certified_no_adversarial_example,4.882252879,0.060692787170410156,0.0,0.0
40,INFEASIBLE,certified_no_adversarial_example,3.354691179,0.0272979736328125,0.0,0.0
41,INFEASIBLE,certified_no_adversarial_example,2.279640765,0.06126761436462402,0.0,0.0
42,INFEASIBLE,certified_no_adversarial_example,4.825742317,0.04898881912231445,0.0,0.0
43,INFEASIBLE,certified_no_adversarial_example,2.800986668,0.02595686912536621,0.0,0.0
44,INFEASIBLE,certified_no_adversarial_example,3.817168902,0.03969430923461914,0.0,0.0
45,INFEASIBLE,certified_no_adversarial_example,3.615095196,0.0380403995513916,0.0,0.0
46,INFEASIBLE,certified_no_adversarial_example,11.607405926,6.003450632095337,,0.0
47,INFEASIBLE,certified_no_adversarial_example,2.87295211,0.022917509078979492,0.0,0.0
48,INFEASIBLE,certified_no_adversarial_example,4.79108789,0.0536651611328125,0.0,0.0
49,INFEASIBLE,certified_no_adversarial_example,3.895133111,0.03340935707092285,0.0,0.0
50,INFEASIBLE,certified_no_adversarial_example,5.056830099,0.06532573699951172,0.0,0.0
51,INFEASIBLE,certified_no_adversarial_example,4.641587194,0.028983354568481445,0.0,0.0
52,INFEASIBLE,certified_no_adversarial_example,4.643057098,0.015590906143188477,0.0,0.0
53,INFEASIBLE,certified_no_adversarial_example,5.510300097,0.029901742935180664,0.0,0.0
54,INFEASIBLE,certified_no_adversarial_example,5.546609377,0.2757453918457031,0.0,0.0
55,INFEASIBLE,certified_no_adversarial_example,5.621857351,0.07670712471008301,0.0,0.0
56,INFEASIBLE,certified_no_adversarial_example,3.628130006,0.03460407257080078,0.0,0.0
57,INFEASIBLE,certified_no_adversarial_example,3.766522407,0.02547597885131836,0.0,0.0
58,INFEASIBLE,certified_no_adversarial_example,2.174890242,0.022809505462646484,0.0,0.0
59,INFEASIBLE,certified_no_adversarial_example,4.586578019,0.03161931037902832,0.0,0.0
60,INFEASIBLE,certified_no_adversarial_example,4.460467444,0.03480958938598633,0.0,0.0
61,INFEASIBLE,certified_no_adversarial_example,2.276641399,0.026822328567504883,0.0,0.0
62,INFEASIBLE,certified_no_adversarial_example,5.123870378,0.03947162628173828,0.0,0.0
63,TIME_LIMIT,time_limit_unresolved,123.54550287,120.00384426116943,,0.011212132806566244
64,INFEASIBLE,certified_no_adversarial_example,4.660066683,0.043619632720947266,0.0,0.0
65,INFEASIBLE,certified_no_adversarial_example,4.960560354,0.055936336517333984,0.0,0.0
66,INFEASIBLE,certified_no_adversarial_example,3.969672067,0.8731601238250732,,0.0
67,INFEASIBLE,certified_no_adversarial_example,5.413736318,0.09514474868774414,0.0,0.0
68,INFEASIBLE,certified_no_adversarial_example,4.925729348,0.030495882034301758,0.0,0.0
69,INFEASIBLE,certified_no_adversarial_example,2.609847931,0.023290634155273438,0.0,0.0
70,INFEASIBLE,certified_no_adversarial_example,5.140990338,0.032773733139038086,0.0,0.0
71,INFEASIBLE,certified_no_adversarial_example,4.120308484,0.026058673858642578,0.0,0.0
72,INFEASIBLE,certified_no_adversarial_example,4.370743359,0.029342174530029297,0.0,0.0
73,INFEASIBLE,certified_no_adversarial_example,5.38538269,0.031674861907958984,0.0,0.0
74,INFEASIBLE,certified_no_adversarial_example,3.188490731,0.023095130920410156,0.0,0.0
75,INFEASIBLE,certified_no_adversarial_example,2.729758149,0.024851560592651367,0.0,0.0
76,INFEASIBLE,certified_no_adversarial_example,5.237733367,0.03961944580078125,0.0,0.0
77,INFEASIBLE,certified_no_adversarial_example,5.317385198,0.044586896896362305,0.0,0.0
78,INFEASIBLE,certified_no_adversarial_example,4.887764005,0.03964877128601074,0.0,0.0
79,INFEASIBLE,certified_no_adversarial_example,3.898447105,0.15605831146240234,0.0,0.0
80,INFEASIBLE,certified_no_adversarial_example,3.991463153,0.040909528732299805,0.0,0.0
81,INFEASIBLE,certified_no_adversarial_example,2.789062575,0.028366804122924805,0.0,0.0
82,INFEASIBLE,certified_no_adversarial_example,3.793181969,0.026656389236450195,0.0,0.0
83,INFEASIBLE,certified_no_adversarial_example,4.833862246,0.029176950454711914,0.0,0.0
84,INFEASIBLE,certified_no_adversarial_example,3.924817349,0.026122093200683594,0.0,0.0
85,INFEASIBLE,certified_no_adversarial_example,6.459868061,0.0468449592590332,0.0,0.0
86,INFEASIBLE,certified_no_adversarial_example,4.285471398,0.026067256927490234,0.0,0.0
87,INFEASIBLE,certified_no_adversarial_example,3.712080256,0.028354406356811523,0.0,0.0
88,INFEASIBLE,certified_no_adversarial_example,5.001093053,0.06931519508361816,0.0,0.0
89,INFEASIBLE,certified_no_adversarial_example,5.045448853,0.04913592338562012,0.0,0.0
90,INFEASIBLE,certified_no_adversarial_example,2.166141617,0.01986980438232422,0.0,0.0
91,INFEASIBLE,certified_no_adversarial_example,4.042818493,0.02725958824157715,0.0,0.0
92,INFEASIBLE,certified_no_adversarial_example,4.887627866,0.04059410095214844,0.0,0.0
93,OPTIMAL,adversarial_example_found_or_best_known,63.415951939,58.35826349258423,0.03651718338289489,0.03651718338289489
94,INFEASIBLE,certified_no_adversarial_example,3.133239443,0.02351689338684082,0.0,0.0
95,INFEASIBLE,certified_no_adversarial_example,2.702806713,0.02041792869567871,0.0,0.0
96,INFEASIBLE,certified_no_adversarial_example,4.486293576,0.06355810165405273,0.0,0.0
97,INFEASIBLE,certified_no_adversarial_example,3.190395033,0.04467129707336426,0.0,0.0
98,INFEASIBLE,certified_no_adversarial_example,4.533682395,0.08635878562927246,0.0,0.0
99,INFEASIBLE,certified_no_adversarial_example,4.763396641,0.024322986602783203,0.0,0.0
100,INFEASIBLE,certified_no_adversarial_example,4.122875701,0.023758411407470703,0.0,0.0
101,INFEASIBLE,certified_no_adversarial_example,6.026962966,0.05481982231140137,0.0,0.0
102,INFEASIBLE,certified_no_adversarial_example,5.92075932,0.05390310287475586,0.0,0.0
103,INFEASIBLE,certified_no_adversarial_example,5.429272682,0.04528450965881348,0.0,0.0
104,INFEASIBLE,certified_no_adversarial_example,4.448080035,0.03792214393615723,0.0,0.0
105,INFEASIBLE,certified_no_adversarial_example,3.375500852,0.022240877151489258,0.0,0.0
106,INFEASIBLE,certified_no_adversarial_example,4.305970834,0.03679156303405762,0.0,0.0
107,INFEASIBLE,certified_no_adversarial_example,5.911545639,0.03574872016906738,0.0,0.0
108,INFEASIBLE,certified_no_adversarial_example,2.64972673,0.02685093879699707,0.0,0.0
109,INFEASIBLE,certified_no_adversarial_example,3.534817271,0.032037973403930664,0.0,0.0
110,INFEASIBLE,certified_no_adversarial_example,3.114545217,0.024877548217773438,0.0,0.0
111,INFEASIBLE,certified_no_adversarial_example,5.482341064,0.03353238105773926,0.0,0.0
112,INFEASIBLE,certified_no_adversarial_example,2.7228073,0.02638554573059082,0.0,0.0
113,INFEASIBLE,certified_no_adversarial_example,3.350918581,0.02608036994934082,0.0,0.0
114,INFEASIBLE,certified_no_adversarial_example,4.190107023,0.048693180084228516,0.0,0.0
115,INFEASIBLE,certified_no_adversarial_example,3.277210923,0.027770042419433594,0.0,0.0
116,OPTIMAL,adversarial_example_found_or_best_known,84.676535773,81.35549139976501,0.09373696670651732,0.09372958609538862
117,INFEASIBLE,certified_no_adversarial_example,3.06357465,0.030009984970092773,0.0,0.0
118,INFEASIBLE,certified_no_adversarial_example,4.430053062,0.041088104248046875,0.0,0.0
119,INFEASIBLE,certified_no_adversarial_example,4.144521634,0.04653525352478027,0.0,0.0
120,INFEASIBLE,certified_no_adversarial_example,4.354745831,0.04230833053588867,0.0,0.0
121,INFEASIBLE,certified_no_adversarial_example,4.852645161,0.03641319274902344,0.0,0.0
122,INFEASIBLE,certified_no_adversarial_example,4.470377844,0.30308079719543457,0.0,0.0
123,INFEASIBLE,certified_no_adversarial_example,3.311201881,0.026294469833374023,0.0,0.0
124,INFEASIBLE,certified_no_adversarial_example,5.723249812,0.03203749656677246,0.0,0.0
125,INFEASIBLE,certified_no_adversarial_example,3.793274608,0.02138686180114746,0.0,0.0
126,INFEASIBLE,certified_no_adversarial_example,3.898112987,0.04510140419006348,0.0,0.0
127,INFEASIBLE,certified_no_adversarial_example,4.575593645,0.06913328170776367,0.0,0.0
128,INFEASIBLE,certified_no_adversarial_example,4.565019145,0.02556467056274414,0.0,0.0
129,INFEASIBLE,certified_no_adversarial_example,4.327867538,0.04217171669006348,0.0,0.0
130,INFEASIBLE,certified_no_adversarial_example,4.547782543,0.025106430053710938,0.0,0.0
131,INFEASIBLE,certified_no_adversarial_example,3.960094686,0.034038543701171875,0.0,0.0
132,INFEASIBLE,certified_no_adversarial_example,5.793931073,0.03520822525024414,0.0,0.0
133,INFEASIBLE,certified_no_adversarial_example,2.62973105,0.022942304611206055,0.0,0.0
134,INFEASIBLE,certified_no_adversarial_example,3.630735778,0.03796100616455078,0.0,0.0
135,INFEASIBLE,certified_no_adversarial_example,5.015298167,0.028436660766601562,0.0,0.0
136,INFEASIBLE,certified_no_adversarial_example,2.507253426,0.02045726776123047,0.0,0.0
137,INFEASIBLE,certified_no_adversarial_example,4.785088101,0.028456687927246094,0.0,0.0
138,INFEASIBLE,certified_no_adversarial_example,2.599146437,0.019121646881103516,0.0,0.0
139,INFEASIBLE,certified_no_adversarial_example,4.683173911,0.027650117874145508,0.0,0.0
140,INFEASIBLE,certified_no_adversarial_example,4.604645562,0.033788442611694336,0.0,0.0
141,INFEASIBLE,certified_no_adversarial_example,4.741532844,0.048187971115112305,0.0,0.0
142,INFEASIBLE,certified_no_adversarial_example,3.151152229,0.02327895164489746,0.0,0.0
143,INFEASIBLE,certified_no_adversarial_example,5.100627784,0.03290128707885742,0.0,0.0
144,INFEASIBLE,certified_no_adversarial_example,2.104876356,0.02223038673400879,0.0,0.0
145,INFEASIBLE,certified_no_adversarial_example,4.282674318,0.039658308029174805,0.0,0.0
146,INFEASIBLE,certified_no_adversarial_example,2.314658014,0.020498275756835938,0.0,0.0
147,INFEASIBLE,certified_no_adversarial_example,4.749793005,0.027478456497192383,0.0,0.0
148,INFEASIBLE,certified_no_adversarial_example,5.449585561,0.02719712257385254,0.0,0.0
149,INFEASIBLE,certified_no_adversarial_example,4.84665862,0.06361603736877441,0.0,0.0
150,OPTIMAL,adversarial_example_found_or_best_known,65.692940714,59.61145853996277,0.04426258815070627,0.04425885421818397
151,INFEASIBLE,certified_no_adversarial_example,4.045663339,0.03341364860534668,0.0,0.0
152,INFEASIBLE,certified_no_adversarial_example,5.813801635,0.2518949508666992,0.0,0.0
153,INFEASIBLE,certified_no_adversarial_example,4.519679084,0.025320053100585938,0.0,0.0
154,INFEASIBLE,certified_no_adversarial_example,3.849952416,0.032428741455078125,0.0,0.0
155,INFEASIBLE,certified_no_adversarial_example,2.718271486,0.04387354850769043,0.0,0.0
156,INFEASIBLE,certified_no_adversarial_example,4.656511642,0.026726961135864258,0.0,0.0
157,INFEASIBLE,certified_no_adversarial_example,5.57838574,0.029016971588134766,0.0,0.0
158,INFEASIBLE,certified_no_adversarial_example,4.071261923,0.04983210563659668,0.0,0.0
159,INFEASIBLE,certified_no_adversarial_example,4.045451535,0.031305789947509766,0.0,0.0
160,INFEASIBLE,certified_no_adversarial_example,3.526602586,0.03439497947692871,0.0,0.0
161,INFEASIBLE,certified_no_adversarial_example,4.079934911,0.030839204788208008,0.0,0.0
162,INFEASIBLE,certified_no_adversarial_example,4.987905893,0.0320134162902832,0.0,0.0
163,INFEASIBLE,certified_no_adversarial_example,4.099007271,0.025286197662353516,0.0,0.0
164,INFEASIBLE,certified_no_adversarial_example,3.107636593,0.024432897567749023,0.0,0.0
165,INFEASIBLE,certified_no_adversarial_example,5.320950526,0.05448770523071289,0.0,0.0
166,INFEASIBLE,certified_no_adversarial_example,4.51754024,0.03162813186645508,0.0,0.0
167,INFEASIBLE,certified_no_adversarial_example,5.037421068,0.038720130920410156,0.0,0.0
168,INFEASIBLE,certified_no_adversarial_example,4.047515327,0.21199464797973633,0.0,0.0
169,INFEASIBLE,certified_no_adversarial_example,2.597815968,0.023045778274536133,0.0,0.0
170,INFEASIBLE,certified_no_adversarial_example,3.216730201,0.028879165649414062,0.0,0.0
171,INFEASIBLE,certified_no_adversarial_example,2.922122521,0.027601242065429688,0.0,0.0
172,INFEASIBLE,certified_no_adversarial_example,3.886514582,0.03199267387390137,0.0,0.0
173,INFEASIBLE,certified_no_adversarial_example,6.121802151,0.04719352722167969,0.0,0.0
174,INFEASIBLE,certified_no_adversarial_example,7.229977648,0.09849667549133301,0.0,0.0
175,INFEASIBLE,certified_no_adversarial_example,3.781214807,0.022752761840820312,0.0,0.0
176,INFEASIBLE,certified_no_adversarial_example,5.408471172,2.6399896144866943,,0.0
177,INFEASIBLE,certified_no_adversarial_example,2.712299952,0.03408169746398926,0.0,0.0
178,INFEASIBLE,certified_no_adversarial_example,4.578607802,0.06084108352661133,0.0,0.0
179,INFEASIBLE,certified_no_adversarial_example,3.12823839,0.03429698944091797,0.0,0.0
180,INFEASIBLE,certified_no_adversarial_example,4.988061483,0.026117563247680664,0.0,0.0
181,INFEASIBLE,certified_no_adversarial_example,2.194118321,0.02321457862854004,0.0,0.0
182,INFEASIBLE,certified_no_adversarial_example,4.922009712,0.028974056243896484,0.0,0.0
183,INFEASIBLE,certified_no_adversarial_example,3.678102353,0.024682998657226562,0.0,0.0
184,INFEASIBLE,certified_no_adversarial_example,3.211895135,0.028802871704101562,0.0,0.0
185,INFEASIBLE,certified_no_adversarial_example,5.309710033,0.2864968776702881,0.0,0.0
186,INFEASIBLE,certified_no_adversarial_example,4.473163088,0.043833017349243164,0.0,0.0
187,INFEASIBLE,certified_no_adversarial_example,4.070160467,0.03972506523132324,0.0,0.0
188,INFEASIBLE,certified_no_adversarial_example,5.258080011,0.03733062744140625,0.0,0.0
189,INFEASIBLE,certified_no_adversarial_example,4.801568934,0.03471875190734863,0.0,0.0
190,INFEASIBLE,certified_no_adversarial_example,3.165089083,0.02877330780029297,0.0,0.0
191,INFEASIBLE,certified_no_adversarial_example,2.682758871,0.02165532112121582,0.0,0.0
192,INFEASIBLE,certified_no_adversarial_example,2.169381268,0.02300548553466797,0.0,0.0
193,INFEASIBLE,certified_no_adversarial_example,5.22055996,0.04096174240112305,0.0,0.0
194,INFEASIBLE,certified_no_adversarial_example,5.111264805,0.34147167205810547,0.0,0.0
195,INFEASIBLE,certified_no_adversarial_example,5.573620515,0.03448033332824707,0.0,0.0
196,INFEASIBLE,certified_no_adversarial_example,4.237925946,0.043036699295043945,0.0,0.0
197,INFEASIBLE,certified_no_adversarial_example,2.361810427,0.020669221878051758,0.0,0.0
198,INFEASIBLE,certified_no_adversarial_example,2.666624112,0.019211530685424805,0.0,0.0
199,INFEASIBLE,certified_no_adversarial_example,3.971416803,0.025965213775634766,0.0,0.0
200,INFEASIBLE,certified_no_adversarial_example,3.81847016,0.044530391693115234,0.0,0.0
201,INFEASIBLE,certified_no_adversarial_example,4.577006649,0.044765472412109375,0.0,0.0
202,INFEASIBLE,certified_no_adversarial_example,4.87023761,0.03862476348876953,0.0,0.0
203,INFEASIBLE,certified_no_adversarial_example,2.42812651,0.024562358856201172,0.0,0.0
204,INFEASIBLE,certified_no_adversarial_example,2.487011127,0.05234646797180176,0.0,0.0
205,INFEASIBLE,certified_no_adversarial_example,2.462720105,0.02583003044128418,0.0,0.0
206,INFEASIBLE,certified_no_adversarial_example,4.217220049,0.02867412567138672,0.0,0.0
207,INFEASIBLE,certified_no_adversarial_example,4.296264207,0.025693178176879883,0.0,0.0
208,INFEASIBLE,certified_no_adversarial_example,4.939734956,0.06007981300354004,0.0,0.0
209,INFEASIBLE,certified_no_adversarial_example,4.420234687,0.02979421615600586,0.0,0.0
210,INFEASIBLE,certified_no_adversarial_example,3.238168835,0.03601336479187012,0.0,0.0
211,INFEASIBLE,certified_no_adversarial_example,4.070288546,0.04093003273010254,0.0,0.0
212,TIME_LIMIT,adversarial_example_found_or_best_known,125.052821544,120.28945589065552,0.09999901777524156,0.09804131411273886
213,INFEASIBLE,certified_no_adversarial_example,3.780359631,0.040635108947753906,0.0,0.0
214,INFEASIBLE,certified_no_adversarial_example,4.355752562,0.034102678298950195,0.0,0.0
215,INFEASIBLE,certified_no_adversarial_example,3.485064439,0.02867889404296875,0.0,0.0
216,INFEASIBLE,certified_no_adversarial_example,4.693310447,0.03007221221923828,0.0,0.0
217,INFEASIBLE,certified_no_adversarial_example,4.5720554,0.029274463653564453,0.0,0.0
218,INFEASIBLE,certified_no_adversarial_example,3.422657515,0.03551077842712402,0.0,0.0
219,INFEASIBLE,certified_no_adversarial_example,4.654635979,0.032505035400390625,0.0,0.0
220,INFEASIBLE,certified_no_adversarial_example,5.230007149,0.0377497673034668,0.0,0.0
221,INFEASIBLE,certified_no_adversarial_example,3.360159243,0.020205259323120117,0.0,0.0
222,INFEASIBLE,certified_no_adversarial_example,5.069241181,0.04815530776977539,0.0,0.0
223,INFEASIBLE,certified_no_adversarial_example,5.043276405,0.038721561431884766,0.0,0.0
224,INFEASIBLE,certified_no_adversarial_example,3.856486406,0.02862381935119629,0.0,0.0
225,INFEASIBLE,certified_no_adversarial_example,2.775970457,0.029875993728637695,0.0,0.0
226,INFEASIBLE,certified_no_adversarial_example,4.637901919,0.05716991424560547,0.0,0.0
227,INFEASIBLE,certified_no_adversarial_example,4.414700012,0.04974961280822754,0.0,0.0
228,INFEASIBLE,certified_no_adversarial_example,3.394545491,0.07469582557678223,0.0,0.0
229,INFEASIBLE,certified_no_adversarial_example,2.195514029,0.017360925674438477,0.0,0.0
230,INFEASIBLE,certified_no_adversarial_example,3.396395996,0.03441023826599121,0.0,0.0
231,INFEASIBLE,certified_no_adversarial_example,4.207182548,0.025421619415283203,0.0,0.0
232,INFEASIBLE,certified_no_adversarial_example,4.808213076,0.029632091522216797,0.0,0.0
233,INFEASIBLE,certified_no_adversarial_example,6.080746363,1.844388723373413,,0.0
234,INFEASIBLE,certified_no_adversarial_example,4.572124082,0.052599191665649414,0.0,0.0
235,INFEASIBLE,certified_no_adversarial_example,3.352083911,0.03705167770385742,0.0,0.0
236,INFEASIBLE,certified_no_adversarial_example,4.374515791,0.03821921348571777,0.0,0.0
237,INFEASIBLE,certified_no_adversarial_example,2.115119841,0.019923686981201172,0.0,0.0
238,INFEASIBLE,certified_no_adversarial_example,3.574371051,0.02609872817993164,0.0,0.0
239,INFEASIBLE,certified_no_adversarial_example,4.377890687,0.03941535949707031,0.0,0.0
240,INFEASIBLE,certified_no_adversarial_example,3.122371854,0.039702653884887695,0.0,0.0
241,INFEASIBLE,certified_no_adversarial_example,5.146538052,0.038294315338134766,0.0,0.0
242,TIME_LIMIT,adversarial_example_found_or_best_known,125.418758275,120.00545001029968,0.057377172092458295,0.036968989958040765
243,INFEASIBLE,certified_no_adversarial_example,4.65999297,0.04671072959899902,0.0,0.0
244,INFEASIBLE,certified_no_adversarial_example,4.823861945,0.046875953674316406,0.0,0.0
245,INFEASIBLE,certified_no_adversarial_example,3.297220162,0.03487062454223633,0.0,0.0
246,INFEASIBLE,certified_no_adversarial_example,86.443293595,80.87422895431519,,0.0
247,INFEASIBLE,certified_no_adversarial_example,4.313294899,0.03258323669433594,0.0,0.0
248,SKIPPED_PREDICTED_IN_TARGETED,skipped_predicted_in_targeted,0.002971124,0.0,,
249,INFEASIBLE,certified_no_adversarial_example,4.201756059,0.02608013153076172,0.0,0.0
250,INFEASIBLE,certified_no_adversarial_example,3.85942063,0.02936244010925293,0.0,0.0
251,INFEASIBLE,certified_no_adversarial_example,3.712229295,0.03579139709472656,0.0,0.0
252,INFEASIBLE,certified_no_adversarial_example,2.320023844,0.026834487915039062,0.0,0.0
253,INFEASIBLE,certified_no_adversarial_example,3.825759579,0.025559663772583008,0.0,0.0
254,INFEASIBLE,certified_no_adversarial_example,4.246486896,0.035828351974487305,0.0,0.0
255,INFEASIBLE,certified_no_adversarial_example,3.948171217,0.035495758056640625,0.0,0.0
256,INFEASIBLE,certified_no_adversarial_example,2.891927913,0.030560731887817383,0.0,0.0
257,INFEASIBLE,certified_no_adversarial_example,5.350257106,0.06242680549621582,0.0,0.0
258,INFEASIBLE,certified_no_adversarial_example,3.71862845,0.05853629112243652,0.0,0.0
259,INFEASIBLE,certified_no_adversarial_example,4.03621768,0.02876591682434082,0.0,0.0
260,SKIPPED_PREDICTED_IN_TARGETED,skipped_predicted_in_targeted,0.002972374,0.0,,
261,INFEASIBLE,certified_no_adversarial_example,5.802419839,0.059446096420288086,0.0,0.0
262,INFEASIBLE,certified_no_adversarial_example,4.22139586,0.034816741943359375,0.0,0.0
263,INFEASIBLE,certified_no_adversarial_example,3.351426643,0.024730682373046875,0.0,0.0
264,INFEASIBLE,certified_no_adversarial_example,3.36247498,0.02830028533935547,0.0,0.0
265,INFEASIBLE,certified_no_adversarial_example,3.962179191,0.20089149475097656,0.0,0.0
266,INFEASIBLE,certified_no_adversarial_example,2.223909991,0.02062225341796875,0.0,0.0
267,INFEASIBLE,certified_no_adversarial_example,4.823283722,0.04416775703430176,0.0,0.0
268,INFEASIBLE,certified_no_adversarial_example,2.567277892,0.019792556762695312,0.0,0.0
269,INFEASIBLE,certified_no_adversarial_example,7.221030831,0.04166579246520996,0.0,0.0
270,INFEASIBLE,certified_no_adversarial_example,5.178833809,0.06901335716247559,0.0,0.0
271,INFEASIBLE,certified_no_adversarial_example,4.30123993,0.030893802642822266,0.0,0.0
272,INFEASIBLE,certified_no_adversarial_example,4.41792582,0.04326915740966797,0.0,0.0
273,INFEASIBLE,certified_no_adversarial_example,3.016764373,0.042044639587402344,0.0,0.0
274,INFEASIBLE,certified_no_adversarial_example,4.442516089,0.030324935913085938,0.0,0.0
275,INFEASIBLE,certified_no_adversarial_example,4.865732447,0.041338205337524414,0.0,0.0
276,INFEASIBLE,certified_no_adversarial_example,3.901391889,0.035633087158203125,0.0,0.0
277,INFEASIBLE,certified_no_adversarial_example,2.328767935,0.02291417121887207,0.0,0.0
278,INFEASIBLE,certified_no_adversarial_example,3.545427979,0.027445077896118164,0.0,0.0
279,INFEASIBLE,certified_no_adversarial_example,3.144924978,0.032239437103271484,0.0,0.0
280,INFEASIBLE,certified_no_adversarial_example,2.586854369,0.024372339248657227,0.0,0.0
281,INFEASIBLE,certified_no_adversarial_example,4.580756795,0.02612614631652832,0.0,0.0
282,INFEASIBLE,certified_no_adversarial_example,3.481665865,0.03371405601501465,0.0,0.0
283,SKIPPED_PREDICTED_IN_TARGETED,skipped_predicted_in_targeted,0.00298568,0.0,,
284,INFEASIBLE,certified_no_adversarial_example,4.670725562,0.030561447143554688,0.0,0.0
285,INFEASIBLE,certified_no_adversarial_example,4.880485757,0.0328366756439209,0.0,0.0
286,INFEASIBLE,certified_no_adversarial_example,4.826582857,0.0395355224609375,0.0,0.0
287,INFEASIBLE,certified_no_adversarial_example,3.974538215,0.03535342216491699,0.0,0.0
288,INFEASIBLE,certified_no_adversarial_example,3.796732872,0.027251005172729492,0.0,0.0
289,INFEASIBLE,certified_no_adversarial_example,1.908042453,0.02088141441345215,0.0,0.0
290,INFEASIBLE,certified_no_adversarial_example,4.153876144,0.03223466873168945,0.0,0.0
291,OPTIMAL,adversarial_example_found_or_best_known,38.018191254,33.43607234954834,0.04093160673203344,0.04093160673203344
292,INFEASIBLE,certified_no_adversarial_example,5.501223532,0.04406857490539551,0.0,0.0
293,INFEASIBLE,certified_no_adversarial_example,2.938062949,0.02532029151916504,0.0,0.0
294,INFEASIBLE,certified_no_adversarial_example,3.588501407,0.028186559677124023,0.0,0.0
295,INFEASIBLE,certified_no_adversarial_example,5.208669051,0.040987253189086914,0.0,0.0
296,INFEASIBLE,certified_no_adversarial_example,3.566942762,0.05055642127990723,0.0,0.0
297,INFEASIBLE,certified_no_adversarial_example,4.947955401,0.027605056762695312,0.0,0.0
298,INFEASIBLE,certified_no_adversarial_example,5.55787193,0.06083321571350098,0.0,0.0
299,INFEASIBLE,certified_no_adversarial_example,5.941776175,0.03185892105102539,0.0,0.0
300,INFEASIBLE,certified_no_adversarial_example,5.225546414,0.03551769256591797,0.0,0.0
301,INFEASIBLE,certified_no_adversarial_example,4.134400488,0.06732559204101562,0.0,0.0
302,INFEASIBLE,certified_no_adversarial_example,4.559029173,0.03854012489318848,0.0,0.0
303,INFEASIBLE,certified_no_adversarial_example,2.964501535,0.022213220596313477,0.0,0.0
304,INFEASIBLE,certified_no_adversarial_example,5.031469999,0.04144930839538574,0.0,0.0
305,INFEASIBLE,certified_no_adversarial_example,4.165065481,0.03129291534423828,0.0,0.0
306,INFEASIBLE,certified_no_adversarial_example,5.831743311,0.030068159103393555,0.0,0.0
307,INFEASIBLE,certified_no_adversarial_example,4.803412888,0.04303479194641113,0.0,0.0
308,INFEASIBLE,certified_no_adversarial_example,4.884850353,0.031163454055786133,0.0,0.0
309,INFEASIBLE,certified_no_adversarial_example,4.746036192,0.04146432876586914,0.0,0.0
310,INFEASIBLE,certified_no_adversarial_example,4.145664618,0.03842329978942871,0.0,0.0
311,INFEASIBLE,certified_no_adversarial_example,3.864274332,0.04662632942199707,0.0,0.0
312,INFEASIBLE,certified_no_adversarial_example,4.318141648,0.026618480682373047,0.0,0.0
313,INFEASIBLE,certified_no_adversarial_example,5.426979623,0.0388185977935791,0.0,0.0
314,INFEASIBLE,certified_no_adversarial_example,5.655875067,0.046720027923583984,0.0,0.0
315,INFEASIBLE,certified_no_adversarial_example,1.756834331,0.02385091781616211,0.0,0.0
316,INFEASIBLE,certified_no_adversarial_example,4.644444662,0.031232595443725586,0.0,0.0
317,INFEASIBLE,certified_no_adversarial_example,4.368955097,0.04754781723022461,0.0,0.0
318,INFEASIBLE,certified_no_adversarial_example,3.744796991,0.02954268455505371,0.0,0.0
319,INFEASIBLE,certified_no_adversarial_example,6.926322807,0.2605605125427246,0.0,0.0
320,INFEASIBLE,certified_no_adversarial_example,6.299639314,0.05314064025878906,0.0,0.0
321,OPTIMAL,adversarial_example_found_or_best_known,94.25569335,91.1775152683258,0.08846156047091891,0.08845402868326759
322,SKIPPED_PREDICTED_IN_TARGETED,skipped_predicted_in_targeted,0.002970743,0.0,,
323,INFEASIBLE,certified_no_adversarial_example,3.137622511,0.027067899703979492,0.0,0.0
324,INFEASIBLE,certified_no_adversarial_example,4.615758499,0.02550196647644043,0.0,0.0
325,INFEASIBLE,certified_no_adversarial_example,5.42349081,0.2326521873474121,0.0,0.0
326,INFEASIBLE,certified_no_adversarial_example,3.890217562,0.04123878479003906,0.0,0.0
327,INFEASIBLE,certified_no_adversarial_example,6.530090226,2.5408763885498047,,0.0
328,INFEASIBLE,certified_no_adversarial_example,3.110423528,0.02558159828186035,0.0,0.0
329,INFEASIBLE,certified_no_adversarial_example,3.581705115,0.02473759651184082,0.0,0.0
330,INFEASIBLE,certified_no_adversarial_example,2.284730286,0.0224912166595459,0.0,0.0
331,INFEASIBLE,certified_no_adversarial_example,2.33749664,0.02468562126159668,0.0,0.0
332,INFEASIBLE,certified_no_adversarial_example,4.730687579,0.05790996551513672,0.0,0.0
333,INFEASIBLE,certified_no_adversarial_example,1.954984385,0.022081613540649414,0.0,0.0
334,INFEASIBLE,certified_no_adversarial_example,5.342584179,0.03338193893432617,0.0,0.0
335,INFEASIBLE,certified_no_adversarial_example,4.858354904,0.027663469314575195,0.0,0.0
336,INFEASIBLE,certified_no_adversarial_example,4.365279954,0.0350794792175293,0.0,0.0
337,INFEASIBLE,certified_no_adversarial_example,4.763281267,0.033817291259765625,0.0,0.0
338,INFEASIBLE,certified_no_adversarial_example,3.747215745,0.05169558525085449,0.0,0.0
339,INFEASIBLE,certified_no_adversarial_example,6.122186449,0.0357053279876709,0.0,0.0
340,INFEASIBLE,certified_no_adversarial_example,5.064092407,0.03376364707946777,0.0,0.0
341,SKIPPED_PREDICTED_IN_TARGETED,skipped_predicted_in_targeted,0.002983205,0.0,,
342,INFEASIBLE,certified_no_adversarial_example,5.81173318,0.033556222915649414,0.0,0.0
343,INFEASIBLE,certified_no_adversarial_example,2.966849712,0.031284332275390625,0.0,0.0
344,INFEASIBLE,certified_no_adversarial_example,5.972187596,0.04223465919494629,0.0,0.0
345,INFEASIBLE,certified_no_adversarial_example,5.42655277,0.2205359935760498,0.0,0.0
346,INFEASIBLE,certified_no_adversarial_example,1.722177239,0.015116691589355469,0.0,0.0
347,INFEASIBLE,certified_no_adversarial_example,4.05125007,0.0463712215423584,0.0,0.0
348,INFEASIBLE,certified_no_adversarial_example,4.61671343,0.037450313568115234,0.0,0.0
349,INFEASIBLE,certified_no_adversarial_example,2.627215166,0.020016193389892578,0.0,0.0
350,INFEASIBLE,certified_no_adversarial_example,4.383289494,0.04055285453796387,0.0,0.0
351,INFEASIBLE,certified_no_adversarial_example,2.316789273,0.026267528533935547,0.0,0.0
352,INFEASIBLE,certified_no_adversarial_example,4.805220129,0.029020071029663086,0.0,0.0
353,INFEASIBLE,certified_no_adversarial_example,6.58562769,0.06089353561401367,0.0,0.0
354,INFEASIBLE,certified_no_adversarial_example,4.627460842,0.02293539047241211,0.0,0.0
355,INFEASIBLE,certified_no_adversarial_example,3.32894048,0.028134584426879883,0.0,0.0
356,INFEASIBLE,certified_no_adversarial_example,5.108890577,0.0496675968170166,0.0,0.0
357,INFEASIBLE,certified_no_adversarial_example,4.850746138,0.035013675689697266,0.0,0.0
358,INFEASIBLE,certified_no_adversarial_example,2.368627902,0.032469749450683594,0.0,0.0
359,INFEASIBLE,certified_no_adversarial_example,4.098382689,0.6359238624572754,,0.0
360,OPTIMAL,adversarial_example_found_or_best_known,60.751506921,55.824835538864136,0.04779741394458803,0.04779537342089524
361,INFEASIBLE,certified_no_adversarial_example,4.595011021,0.03323769569396973,0.0,0.0
362,INFEASIBLE,certified_no_adversarial_example,4.135049828,0.03822684288024902,0.0,0.0
363,INFEASIBLE,certified_no_adversarial_example,4.770942611,0.028963088989257812,0.0,0.0
364,INFEASIBLE,certified_no_adversarial_example,3.90659686,0.03402566909790039,0.0,0.0
365,INFEASIBLE,certified_no_adversarial_example,4.902731694,0.04588937759399414,0.0,0.0
366,INFEASIBLE,certified_no_adversarial_example,5.104932087,0.056493282318115234,0.0,0.0
367,INFEASIBLE,certified_no_adversarial_example,5.529091283,0.2494349479675293,0.0,0.0
368,INFEASIBLE,certified_no_adversarial_example,4.695085167,0.0409398078918457,0.0,0.0
369,INFEASIBLE,certified_no_adversarial_example,3.909790522,0.02848649024963379,0.0,0.0
370,INFEASIBLE,certified_no_adversarial_example,5.21037798,0.035515546798706055,0.0,0.0
371,INFEASIBLE,certified_no_adversarial_example,2.210042289,0.03500103950500488,0.0,0.0
372,INFEASIBLE,certified_no_adversarial_example,4.029329396,0.03290581703186035,0.0,0.0
373,INFEASIBLE,certified_no_adversarial_example,5.93589827,0.0481412410736084,0.0,0.0
374,INFEASIBLE,certified_no_adversarial_example,5.713507052,0.03716135025024414,0.0,0.0
375,INFEASIBLE,certified_no_adversarial_example,5.176336902,0.037663936614990234,0.0,0.0
376,INFEASIBLE,certified_no_adversarial_example,5.364957126,0.03483104705810547,0.0,0.0
377,SKIPPED_PREDICTED_IN_TARGETED,skipped_predicted_in_targeted,0.002976186,0.0,,
378,INFEASIBLE,certified_no_adversarial_example,2.899562376,0.031060457229614258,0.0,0.0
379,INFEASIBLE,certified_no_adversarial_example,2.948718931,0.025232791900634766,0.0,0.0
380,INFEASIBLE,certified_no_adversarial_example,3.870447126,0.027399778366088867,0.0,0.0
381,INFEASIBLE,certified_no_adversarial_example,5.985430469,0.025214433670043945,0.0,0.0
382,SKIPPED_PREDICTED_IN_TARGETED,skipped_predicted_in_targeted,0.002980328,0.0,,
383,INFEASIBLE,certified_no_adversarial_example,2.915894788,0.03601980209350586,0.0,0.0
384,INFEASIBLE,certified_no_adversarial_example,2.760651065,0.03596377372741699,0.0,0.0
385,INFEASIBLE,certified_no_adversarial_example,6.064369311,0.034012556076049805,0.0,0.0
386,INFEASIBLE,certified_no_adversarial_example,2.383459115,0.028261899948120117,0.0,0.0
387,INFEASIBLE,certified_no_adversarial_example,4.532305828,0.040109872817993164,0.0,0.0
388,INFEASIBLE,certified_no_adversarial_example,4.886738668,0.032212257385253906,0.0,0.0
389,INFEASIBLE,certified_no_adversarial_example,2.881437065,0.03749704360961914,0.0,0.0
390,INFEASIBLE,certified_no_adversarial_example,2.856765514,0.020592212677001953,0.0,0.0
391,INFEASIBLE,certified_no_adversarial_example,4.32839994,0.034448862075805664,0.0,0.0
392,INFEASIBLE,certified_no_adversarial_example,4.873963651,0.18227100372314453,0.0,0.0
393,INFEASIBLE,certified_no_adversarial_example,4.423376954,0.03719353675842285,0.0,0.0
394,INFEASIBLE,certified_no_adversarial_example,2.45082002,0.024570703506469727,0.0,0.0
395,INFEASIBLE,certified_no_adversarial_example,5.90800228,0.28804540634155273,0.0,0.0
396,INFEASIBLE,certified_no_adversarial_example,5.941626126,0.03593921661376953,0.0,0.0
397,INFEASIBLE,certified_no_adversarial_example,4.239202935,0.024809837341308594,0.0,0.0
398,INFEASIBLE,certified_no_adversarial_example,4.580715016,0.025274276733398438,0.0,0.0
399,INFEASIBLE,certified_no_adversarial_example,3.425540109,0.025521278381347656,0.0,0.0
400,INFEASIBLE,certified_no_adversarial_example,3.17631112,0.0269315242767334,0.0,0.0
401,INFEASIBLE,certified_no_adversarial_example,5.023756768,0.019884824752807617,0.0,0.0
402,INFEASIBLE,certified_no_adversarial_example,4.560341396,0.04906892776489258,0.0,0.0
403,INFEASIBLE,certified_no_adversarial_example,7.081776495,0.057375431060791016,0.0,0.0
404,INFEASIBLE,certified_no_adversarial_example,8.517401797,3.02496600151062,,0.0
405,INFEASIBLE,certified_no_adversarial_example,5.124855772,0.28264546394348145,0.0,0.0
406,INFEASIBLE,certified_no_adversarial_example,3.499596225,0.026711463928222656,0.0,0.0
407,INFEASIBLE,certified_no_adversarial_example,8.38475793,3.2046027183532715,,0.0
408,INFEASIBLE,certified_no_adversarial_example,3.370094389,0.028276443481445312,0.0,0.0
409,INFEASIBLE,certified_no_adversarial_example,5.058943621,0.044116973876953125,0.0,0.0
410,INFEASIBLE,certified_no_adversarial_example,2.455760155,0.01747751235961914,0.0,0.0
411,INFEASIBLE,certified_no_adversarial_example,3.289897368,0.024060487747192383,0.0,0.0
412,INFEASIBLE,certified_no_adversarial_example,2.869581577,0.025667428970336914,0.0,0.0
413,INFEASIBLE,certified_no_adversarial_example,4.005975856,0.06980156898498535,0.0,0.0
414,INFEASIBLE,certified_no_adversarial_example,4.064973924,0.04251575469970703,0.0,0.0
415,INFEASIBLE,certified_no_adversarial_example,4.198038368,0.19771099090576172,0.0,0.0
416,INFEASIBLE,certified_no_adversarial_example,3.196173534,0.03478384017944336,0.0,0.0
417,INFEASIBLE,certified_no_adversarial_example,2.171493061,0.018329858779907227,0.0,0.0
418,INFEASIBLE,certified_no_adversarial_example,3.468708815,0.05477476119995117,0.0,0.0
419,INFEASIBLE,certified_no_adversarial_example,5.221418883,0.03411126136779785,0.0,0.0
420,INFEASIBLE,certified_no_adversarial_example,3.549082313,0.04665422439575195,0.0,0.0
421,INFEASIBLE,certified_no_adversarial_example,4.706948676,0.2570004463195801,0.0,0.0
422,INFEASIBLE,certified_no_adversarial_example,4.607158903,0.060063838958740234,0.0,0.0
423,INFEASIBLE,certified_no_adversarial_example,4.000830252,0.031083345413208008,0.0,0.0
424,INFEASIBLE,certified_no_adversarial_example,4.062456386,0.02610635757446289,0.0,0.0
425,INFEASIBLE,certified_no_adversarial_example,5.854660249,0.044569969177246094,0.0,0.0
426,INFEASIBLE,certified_no_adversarial_example,3.9459358,0.029031038284301758,0.0,0.0
427,INFEASIBLE,certified_no_adversarial_example,4.018185047,0.04341721534729004,0.0,0.0
428,INFEASIBLE,certified_no_adversarial_example,2.743271089,0.05650496482849121,0.0,0.0
429,INFEASIBLE,certified_no_adversarial_example,4.360390615,0.03177642822265625,0.0,0.0
430,INFEASIBLE,certified_no_adversarial_example,5.010581042,0.03080296516418457,0.0,0.0
431,INFEASIBLE,certified_no_adversarial_example,2.587908835,0.02261042594909668,0.0,0.0
432,INFEASIBLE,certified_no_adversarial_example,7.16174691,0.46301913261413574,0.0,0.0
433,INFEASIBLE,certified_no_adversarial_example,3.047676957,0.025573015213012695,0.0,0.0
434,INFEASIBLE,certified_no_adversarial_example,4.91283722,0.053533077239990234,0.0,0.0
435,INFEASIBLE,certified_no_adversarial_example,3.449689886,0.03791975975036621,0.0,0.0
436,INFEASIBLE,certified_no_adversarial_example,3.48724537,0.03979372978210449,0.0,0.0
437,INFEASIBLE,certified_no_adversarial_example,5.815518384,0.0416257381439209,0.0,0.0
438,INFEASIBLE,certified_no_adversarial_example,5.034229365,0.04019474983215332,0.0,0.0
439,INFEASIBLE,certified_no_adversarial_example,3.737692138,0.04096221923828125,0.0,0.0
440,INFEASIBLE,certified_no_adversarial_example,4.116565901,0.03382062911987305,0.0,0.0
441,INFEASIBLE,certified_no_adversarial_example,5.706706924,0.053096771240234375,0.0,0.0
442,INFEASIBLE,certified_no_adversarial_example,4.675227399,0.03716897964477539,0.0,0.0
443,INFEASIBLE,certified_no_adversarial_example,4.582462345,0.027298450469970703,0.0,0.0
444,INFEASIBLE,certified_no_adversarial_example,6.311455543,1.5703151226043701,,0.0
445,OPTIMAL,adversarial_example_found_or_best_known,99.453670688,93.94679760932922,0.04203274563907043,0.04203274563907043
446,TIME_LIMIT,adversarial_example_found_or_best_known,125.913798902,120.00549650192261,0.045119521692882865,0.0398084465348848
447,INFEASIBLE,certified_no_adversarial_example,5.572636879,0.05216574668884277,0.0,0.0
448,INFEASIBLE,certified_no_adversarial_example,4.037233322,0.16057753562927246,0.0,0.0
449,OPTIMAL,adversarial_example_found_or_best_known,85.405231046,81.47735619544983,0.07622382693868006,0.07621621726470534
450,SKIPPED_PREDICTED_IN_TARGETED,skipped_predicted_in_targeted,0.002991292,0.0,,
451,INFEASIBLE,certified_no_adversarial_example,3.124552805,0.025220155715942383,0.0,0.0
452,INFEASIBLE,certified_no_adversarial_example,2.943282669,0.021992921829223633,0.0,0.0
453,INFEASIBLE,certified_no_adversarial_example,4.267496128,0.041524648666381836,0.0,0.0
454,INFEASIBLE,certified_no_adversarial_example,5.99066853,0.02923727035522461,0.0,0.0
455,INFEASIBLE,certified_no_adversarial_example,3.824926647,0.029586315155029297,0.0,0.0
456,INFEASIBLE,certified_no_adversarial_example,2.696032269,0.03707695007324219,0.0,0.0
457,INFEASIBLE,certified_no_adversarial_example,4.67602296,0.045528411865234375,0.0,0.0
458,INFEASIBLE,certified_no_adversarial_example,4.930556978,0.05051779747009277,0.0,0.0
459,INFEASIBLE,certified_no_adversarial_example,5.24952098,0.04073762893676758,0.0,0.0
460,INFEASIBLE,certified_no_adversarial_example,3.726736821,0.028021574020385742,0.0,0.0
461,INFEASIBLE,certified_no_adversarial_example,4.487784122,0.04016757011413574,0.0,0.0
462,INFEASIBLE,certified_no_adversarial_example,3.034626969,0.020784616470336914,0.0,0.0
463,INFEASIBLE,certified_no_adversarial_example,2.810095291,0.027147531509399414,0.0,0.0
464,INFEASIBLE,certified_no_adversarial_example,4.363486775,0.025619983673095703,0.0,0.0
465,INFEASIBLE,certified_no_adversarial_example,6.351379957,0.32680487632751465,0.0,0.0
466,INFEASIBLE,certified_no_adversarial_example,2.843430554,0.03298497200012207,0.0,0.0
467,INFEASIBLE,certified_no_adversarial_example,4.948268946,0.05224728584289551,0.0,0.0
468,INFEASIBLE,certified_no_adversarial_example,4.191205244,0.032145023345947266,0.0,0.0
469,INFEASIBLE,certified_no_adversarial_example,2.899686514,0.053521156311035156,0.0,0.0
470,INFEASIBLE,certified_no_adversarial_example,4.786222469,0.023462533950805664,0.0,0.0
471,INFEASIBLE,certified_no_adversarial_example,5.034372796,0.0372922420501709,0.0,0.0
472,INFEASIBLE,certified_no_adversarial_example,3.764936621,0.19745922088623047,0.0,0.0
473,INFEASIBLE,certified_no_adversarial_example,3.981233222,0.054883718490600586,0.0,0.0
474,INFEASIBLE,certified_no_adversarial_example,2.784158281,0.03267669677734375,0.0,0.0
475,INFEASIBLE,certified_no_adversarial_example,5.419713207,0.039821624755859375,0.0,0.0
476,INFEASIBLE,certified_no_adversarial_example,3.995404628,0.03520369529724121,0.0,0.0
477,INFEASIBLE,certified_no_adversarial_example,3.241693465,0.03588700294494629,0.0,0.0
478,INFEASIBLE,certified_no_adversarial_example,3.435822214,0.024647235870361328,0.0,0.0
479,INFEASIBLE,certified_no_adversarial_example,9.544511117,4.982769966125488,,0.0
480,TIME_LIMIT,adversarial_example_found_or_best_known,125.185039434,120.01520919799805,0.09805538755829774,0.09422448502194836
481,INFEASIBLE,certified_no_adversarial_example,2.370197345,0.026351451873779297,0.0,0.0
482,INFEASIBLE,certified_no_adversarial_example,3.678126363,0.03727269172668457,0.0,0.0
483,INFEASIBLE,certified_no_adversarial_example,3.418387519,0.028891801834106445,0.0,0.0
484,INFEASIBLE,certified_no_adversarial_example,3.588670919,0.030870914459228516,0.0,0.0
485,INFEASIBLE,certified_no_adversarial_example,4.02662492,0.029955625534057617,0.0,0.0
486,INFEASIBLE,certified_no_adversarial_example,5.56529611,0.037583112716674805,0.0,0.0
487,INFEASIBLE,certified_no_adversarial_example,4.723740544,0.03574967384338379,0.0,0.0
488,INFEASIBLE,certified_no_adversarial_example,4.414152663,0.05382180213928223,0.0,0.0
489,INFEASIBLE,certified_no_adversarial_example,4.228443962,0.0333857536315918,0.0,0.0
490,INFEASIBLE,certified_no_adversarial_example,2.161233422,0.02445387840270996,0.0,0.0
491,INFEASIBLE,certified_no_adversarial_example,4.568613246,0.030814409255981445,0.0,0.0
492,INFEASIBLE,certified_no_adversarial_example,5.028794924,0.03788566589355469,0.0,0.0
493,OPTIMAL,adversarial_example_found_or_best_known,17.828475522,14.848927736282349,0.0493091004203311,0.04930538915364871
494,INFEASIBLE,certified_no_adversarial_example,6.670219982,0.03415942192077637,0.0,0.0
495,INFEASIBLE,certified_no_adversarial_example,3.738227017,0.050492048263549805,0.0,0.0
496,OPTIMAL,adversarial_example_found_or_best_known,67.322849296,63.42990159988403,0.06309563712982291,0.06308963651419408
497,INFEASIBLE,certified_no_adversarial_example,3.847417917,0.03450489044189453,0.0,0.0
498,INFEASIBLE,certified_no_adversarial_example,2.944077623,0.2007429599761963,0.0,0.0
499,INFEASIBLE,certified_no_adversarial_example,4.682872486,0.03936338424682617,0.0,0.0
500,INFEASIBLE,certified_no_adversarial_example,3.767881977,0.025203466415405273,0.0,0.0
